Workbook

Sheet Suivi
A1: BACKLINKS — ANNUAIRES IPB EXPERTISE 2026
A2: Cible : 20-30 backlinks sur 3 mois. NAP cohérent partout (IPB Expertise · 13 rue du Recteur Dottin, 31100 Toulouse · 05 82 95 33 75 · contact@ipb-expertise.fr)
A4: Priorité | B4: Catégorie | C4: Annuaire | D4: URL d'inscription | E4: DA estimé | F4: Coût | G4: Type | H4: Statut | I4: Date soumission | J4: URL backlink obtenu | K4: Notes | L4: Effort (min)
A5: 1 | B5: Généraliste | C5: Pages Jaunes | D5: https://www.pagesjaunes.fr/pros/devenir-client | E5: 85 | F5: Gratuit (base) | G5: DoFollow | H5: À faire | K5: Indispensable. Optimiser fiche complète : photos, horaires, services, descriptif détaillé Toulouse + département 31. Lié à 118712 et Mappy. | L5: 30
A6: 1 | B6: Généraliste | C6: Google Business Profile | D6: https://www.google.com/business/ | E6: 100 | F6: Gratuit | G6: Inclusion local pack | H6: À faire | K6: PRIORITÉ ABSOLUE. Pas un backlink classique mais THE local SEO signal. 30 avis cible 6 mois. Posts hebdo. Photos chantiers. | L6: 60
A7: 1 | B7: Généraliste | C7: Bing Places | D7: https://www.bingplaces.com/ | E7: 94 | F7: Gratuit | G7: DoFollow + local | H7: À faire | K7: Important pour Bing/Edge users (~5-10% trafic FR). Souvent oublié. Dupliquer fiche Google. | L7: 20
A8: 1 | B8: Généraliste | C8: Apple Plans / Maps Connect | D8: https://mapsconnect.apple.com/ | E8: 100 | F8: Gratuit | G8: Inclusion local | H8: À faire | K8: Indispensable pour iPhone users (~30% mobile FR). Gratuit. Demande validation. | L8: 20
A9: 1 | B9: Généraliste | C9: Yelp France | D9: https://biz.yelp.fr/ | E9: 88 | F9: Gratuit (base) | G9: NoFollow | H9: À faire | K9: Présence + avis. NoFollow mais signal local + trafic direct. | L9: 25
A10: 1 | B10: Généraliste | C10: Hoodspot | D10: https://hoodspot.fr/ | E10: 55 | F10: Gratuit | G10: DoFollow | H10: À faire | K10: Annuaire généraliste FR, simple à soumettre. | L10: 15
A11: 1 | B11: Généraliste | C11: Justacôté | D11: https://www.justacote.com/ | E11: 55 | F11: Gratuit | G11: DoFollow | H11: À faire | K11: Annuaire avis FR, fiche entreprise complète. | L11: 15
A12: 1 | B12: Généraliste | C12: Cylex France | D12: https://www.cylex-france.fr/ | E12: 60 | F12: Gratuit | G12: DoFollow | H12: À faire | K12: Annuaire B2B/B2C FR. Gratuit. Bon pour le SEO local. | L12: 15
A13: 1 | B13: Généraliste | C13: Kompass | D13: https://fr.kompass.com/ | E13: 70 | F13: Gratuit (base) | G13: DoFollow | H13: À faire | K13: Annuaire B2B mondial. Free tier limité, premium payant. Bon pour autorité. | L13: 20
A14: 1 | B14: Généraliste | C14: Société.com | D14: https://www.societe.com/ | E14: 75 | F14: Gratuit (auto) | G14: DoFollow | H14: À faire | K14: Présent automatiquement via SIREN. Vérifier la fiche, demander rectifications/ajouts si nécessaire (téléphone, site web). | L14: 10
A15: 1 | B15: Local Toulouse | C15: Annuaire CCI Toulouse Haute-Garonne | D15: https://www.toulouse.cci.fr/annuaire-entreprises | E15: 55 | F15: Gratuit (membres) | G15: DoFollow | H15: À faire | K15: Membres CCI : inscription gratuite. Très fort signal local. Vérifier statut adhésion CCI. | L15: 30
A16: 1 | B16: Local Toulouse | C16: Toulouse Métropole — annuaire | D16: https://www.toulouse-metropole.fr/ | E16: 75 | F16: Gratuit | G16: DoFollow | H16: À faire | K16: Section annuaire des entreprises locales. Prendre contact mairie service éco si nécessaire. | L16: 30
... A26: 2 | B26: Métier bâtiment | C26: Batiactu | D26: https://www.batiactu.com/ | E26: 75 | F26: Gratuit (annuaire) | G26: DoFollow | H26: À faire | K26: Média bâtiment + annuaire entreprises. Gratuit pour fiche. | L26: 25
A27: 2 | B27: Métier bâtiment | C27: Annuaire OPQIBI | D27: https://www.opqibi.com/ | E27: 60 | F27: Si certifié | G27: DoFollow + crédibilité | H27: À faire | K27: Qualification ingénieur-conseil bâtiment. Si IPB obtient cette qualif, présence auto + très fort signal expertise. | L27: —
A28: 2 | B28: Métier bâtiment | C28: Architectes pour tous (CNOA) | D28: https://www.architectes-pour-tous.fr/ | E28: 70 | F28: Gratuit | G28: DoFollow | H28: À faire | K28: Ordre des Architectes. IPB fait du structurel pour archis : présence en partenariat possible. | L28: 30
A29: 2 | B29: Métier bâtiment | C29: Annuaire Bureaux d'Études (Syntec Ingénierie) | D29: https://www.syntec-ingenierie.fr/ | E29: 65 | F29: Si membre | G29: DoFollow | H29: À faire | K29: Fédération syndicale BE ingénierie. Adhésion payante mais réseau pro fort. | L29: 30
A30: 2 | B30: Métier bâtiment | C30: AnnuaireBatiment.com | D30: https://www.annuairebatiment.com/ | E30: 35 | F30: Gratuit | G30: DoFollow | H30: À faire | K30: Annuaire spécialisé bâtiment FR. Soumission gratuite simple. | L30: 15
A31: 2 | B31: Métier bâtiment | C31: Le BTP | D31: https://www.lebtp.fr/ | E31: 45 | F31: Gratuit | G31: DoFollow | H31: À faire | K31: Annuaire pros BTP. Soumission gratuite. | L31: 15
A32: 2 | B32: Immobilier/Expert | C32: Notaires de France — pros partenaires | D32: https://www.notaires.fr/fr | E32: 85 | F32: Réseau pro | G32: Mention/lien | H32: À faire | K32: Pas un annuaire ouvert. Travail relationnel : être référencé par notaires comme expert pré-achat. Fort levier B2B + autorité. | L32: —
A33: 2 | B33: Immobilier/Expert | C33: SeLoger Pro | D33: https://pro.seloger.com/ | E33: 85 | F33: Payant | G33: DoFollow | H33: À faire | K33: Outil pour pros immo. Payant. Pertinence : faible direct (pour archis/agents pas pour expertise structure). | L33: —
A34: 2 | B34: Immobilier/Expert | C34: Annuaire des Experts (CNEJI / CEACAP) | D34: https://www.ceacap.org/ | E34: 50 | F34: Si membre | G34: DoFollow + crédibilité | H34: À faire | K34: Compagnie des Experts. Fort signal expertise. | L34: —
A35: 3 | B35: Réseau social | C35: LinkedIn Page Entreprise | D35: https://www.linkedin.com/company/setup/new/ | E35: 98 | F35: Gratuit | G35: NoFollow + autorité | H35: À faire | K35: Présence indispensable. Page entreprise + posts réguliers fondateur. NoFollow mais brand signal. | L35: 30
A36: 3 | B36: Réseau social | C36: Facebook Page Pro | D36: https://www.facebook.com/business/ | E36: 98 | F36: Gratuit | G36: NoFollow | H36: À faire | K36: Photos chantiers. NoFollow mais brand + reviews + maps integration. | L36: 20
A37: 3 | B37: Réseau social | C37: Instagram Business | D37: https://business.instagram.com/ | E37: 95 | F37: Gratuit | G37: NoFollow | H37: À faire | K37: Photos avant/après. Hashtags géolocalisés #Toulouse #FissureToulouse. | L37: 20
A38: 3 | B38: Annuaire FR | C38: Verif.com | D38: https://www.verif.com/ | E38: 60 | F38: Gratuit (auto) | G38: DoFollow | H38: À faire | K38: Annuaire B2B auto via SIREN. Vérifier fiche. | L38: 10
A39: 3 | B39: Annuaire FR | C39: Manageo | D39: https://www.manageo.fr/ | E39: 55 | F39: Gratuit | G39: DoFollow | H39: À faire | K39: Annuaire B2B. Inscription simple. | L39: 15
A40: 3 | B40: Annuaire FR | C40: Yellowpages.fr | D40: https://www.yellowpages.fr/ | E40: 45 | F40: Gratuit | G40: DoFollow | H40: À faire | K40: Variante Pages Jaunes US. Soumission rapide. | L40: 15
A41: 3 | B41: Annuaire local | C41: Trustpilot | D41: https://fr.trustpilot.com/ | E41: 92 | F41: Gratuit (lite) | G41: NoFollow + avis | H41: À faire | K41: Centre d'avis. Lite gratuit. Bon signal réputation. Lien NoFollow mais autorité. | L41: 25
A42: 3 | B42: Annuaire local | C42: Foursquare / Swarm | D42: https://foursquare.com/business | E42: 85 | F42: Gratuit | G42: NoFollow | H42: À faire | K42: Présence pour Apple Maps + autres apps. Faible effort. | L42: 15

Sheet Tableau de bord
A1: TABLEAU DE BORD — BACKLINKS IPB
A3: Vue globale
A4: Total annuaires identifiés | B4: =COUNTA(Suivi!C5:C42) -> 38
A5: À faire | B5: =COUNTIF(Suivi!H5:H42,"À faire") -> 38
A6: En cours | B6: =COUNTIF(Suivi!H5:H42,"En cours") -> 0
A7: Soumis (en attente) | B7: =COUNTIF(Suivi!H5:H42,"Soumis") -> 0
A8: Validé (lien obtenu) | B8: =COUNTIF(Suivi!H5:H42,"Validé") -> 0
A9: Rejeté | B9: =COUNTIF(Suivi!H5:H42,"Rejeté") -> 0
A10: Taux de validation | B10: =IFERROR(B8/(B8+B7+B9),0) -> 0
A12: Par priorité
A13: Priorité | B13: Total | C13: Validé | D13: % complétion
A14: P1 | B14: =COUNTIFS(Suivi!A5:A42,1) -> 17 | C14: =COUNTIFS(Suivi!A5:A42,1,Suivi!H5:H42,"Validé") -> 0 | D14: =IFERROR(C14/B14,0) -> 0
A15: P2 | B15: =COUNTIFS(Suivi!A5:A42,2) -> 13 | C15: =COUNTIFS(Suivi!A5:A42,2,Suivi!H5:H42,"Validé") -> 0 | D15: =IFERROR(C15/B15,0) -> 0
A16: P3 | B16: =COUNTIFS(Suivi!A5:A42,3) -> 8 | C16: =COUNTIFS(Suivi!A5:A42,3,Suivi!H5:H42,"Validé") -> 0 | D16: =IFERROR(C16/B16,0) -> 0
A18: Par catégorie
A19: Catégorie | B19: Total | C19: Validé
A20: Généraliste | B20: =COUNTIF(Suivi!B5:B42,"Généraliste") -> 10 | C20: =COUNTIFS(Suivi!B5:B42,"Généraliste",Suivi!H5:H42,"Validé") -> 0
A21: Local Toulouse | B21: =COUNTIF(Suivi!B5:B42,"Local Toulouse") -> 7 | C21: =COUNTIFS(Suivi!B5:B42,"Local Toulouse",Suivi!H5:H42,"Validé") -> 0
A22: Métier bâtiment | B22: =COUNTIF(Suivi!B5:B42,"Métier bâtiment") -> 10 | C22: =COUNTIFS(Suivi!B5:B42,"Métier bâtiment",Suivi!H5:H42,"Validé") -> 0
A23: Immobilier/Expert | B23: =COUNTIF(Suivi!B5:B42,"Immobilier/Expert") -> 3 | C23: =COUNTIFS(Suivi!B5:B42,"Immobilier/Expert",Suivi!H5:H42,"Validé") -> 0
A24: Réseau social | B24: =COUNTIF(Suivi!B5:B42,"Réseau social") -> 3 | C24: =COUNTIFS(Suivi!B5:B42,"Réseau social",Suivi!H5:H42,"Validé") -> 0
A25: Annuaire FR | B25: =COUNTIF(Suivi!B5:B42,"Annuaire FR") -> 3 | C25: =COUNTIFS(Suivi!B5:B42,"Annuaire FR",Suivi!H5:H42,"Validé") -> 0
A26: Annuaire local | B26: =COUNTIF(Suivi!B5:B42,"Annuaire local") -> 2 | C26: =COUNTIFS(Suivi!B5:B42,"Annuaire local",Suivi!H5:H42,"Validé") -> 0

Sheet Légende & Process
A1: LÉGENDE & PROCESS
A4: PRIORITÉS
A5: P1 | B5: Indispensable. À traiter dans le mois 1. Haute autorité ou signal local fort.
A6: P2 | B6: Important. À traiter mois 2. Spécialisé bâtiment ou réseau pro.
A7: P3 | B7: Bonus. À traiter mois 3 ou en background. Effort faible, gain marginal mais utile.
A9: STATUTS
A10: À faire | B10: Pas encore commencé.
A11: En cours | B11: Inscription en cours, formulaire commencé.
A12: Soumis | B12: Soumission envoyée, en attente validation modération.
A13: Validé | B13: Backlink créé et accessible. Renseigner l'URL dans la colonne 'URL backlink obtenu'.
A14: Rejeté | B14: Soumission refusée. Noter la raison dans 'Notes'.
A15: Pas applicable | B15: Annuaire non pertinent ou non éligible (manque qualif, payant trop cher, etc.).
A17: DA ESTIMÉ
A18: DA | B18: Domain Authority (échelle 0-100, source Moz/Ahrefs). Plus c'est haut, plus le backlink est puissant. Ordre de grandeur, pas valeur exacte.
A20: TYPE DE LIEN
A21: DoFollow | B21: Transmet du link juice (autorité). Le mieux pour le SEO.
A22: NoFollow | B22: Ne transmet pas de link juice mais signal de marque + trafic direct + diversification.
A24: PROCESS DE SOUMISSION (à respecter)
A25: 1. NAP cohérent | B25: Toujours utiliser exactement la même formulation : 'IPB Expertise · 13 rue du Recteur Dottin, 31100 Toulouse · 05 82 95 33 75'. Toute incohérence brouille le signal Google.
A26: 2. Site web | B26: https://www.ipb-expertise.fr (avec https et www, jamais sans).
A27: 3. Description courte | B27: 'Institut de pathologie et de structure du bâtiment fondé en 2019 à Toulouse. Expertise fissures, humidité, ouverture de mur porteur. 850 chantiers livrés en Occitanie.' (à adapter selon longueur autorisée).
A28: 4. Catégories | B28: Bureau d'études, Expert bâtiment, Ingénieur structure, Diagnostic immobilier, Pathologie du bâtiment.
A29: 5. Photos | B29: Toujours uploader 3-5 photos : bureau, fondateur, chantier en cours, avant/après. Mêmes photos partout pour cohérence.
A30: 6. Liens internes | B30: Pointer vers /expert-fissures-toulouse-31, /expert-humidite-toulouse-31, /diagnostic, /contact.
A31: 7. Vérifier la fiche après création | B31: Ajouter dans 'URL backlink obtenu'. Si fiche pas indexée sous 30 jours, relancer.
A33: RYTHME RECOMMANDÉ
A34: Mois 1 | B34: Compléter toutes les P1 (10 généralistes + 7 locaux Toulouse = 17). Effort total ~6h.
A35: Mois 2 | B35: Métier bâtiment + immobilier (P2 = 13). Plus exigeant (Houzz portfolio, qualif OPQIBI à voir). Effort ~5h.
A36: Mois 3 | B36: P3 résiduels + relances P1/P2 + suivi indexation. Effort ~3h.
A37: Total | B37: ~14h sur 3 mois pour 30+ backlinks.
